ID,category
10,婦產科
11,內分泌及糖尿科
12,普通科
13,家庭醫學
14,普通科
15,婦產科
17,骨科
18,內科
19,耳鼻喉科
20,皮膚及性病科
21,普通科
23,耳鼻喉科
24,普通科
25,整形外科
26,心臟科
27,普通科
28,兒科
29,普通科
30,普通科
31,普通科
32,家庭醫學
33,眼科
34,兒科
35,普通科
36,內科
37,家庭醫學
38,外科
39,普通科
40,骨科
41,外科
42,家庭醫學
43,普通科
44,骨科
45,普通科
46,普通科
47,普通科
48,普通科
49,骨科
50,普通科
51,麻醉科
52,家庭醫學
53,精神科
54,家庭醫學
55,普通科
56,外科
57,內科
58,骨科
59,普通科
60,普通科
61,兒科
62,外科
63,婦產科
64,普通科
65,普通科
66,普通科
67,普通科
68,普通科
69,骨科
70,普通科
71,兒科
73,普通科
74,內科
75,普通科
76,普通科
77,普通科
78,呼吸系統科
79,普通科
80,精神科
81,普通科
83,普通科
84,普通科
85,普通科
87,普通科
88,皮膚及性病科
89,兒科
90,家庭醫學
91,普通科
93,普通科
94,兒科
95,普通科
96,普通科
97,普通科
98,外科
99,普通科
100,家庭醫學
102,家庭醫學
103,家庭醫學
104,心臟科
105,風濕病科
106,普通科
107,婦產科
108,普通科
109,兒科
110,骨科
111,呼吸系統科
112,普通科
113,普通科
114,急症科
115,皮膚及性病科
117,內科
118,家庭醫學
120,骨科
121,骨科
122,普通科
123,家庭醫學
124,普通科
125,婦產科
126,骨科
127,婦產科
128,腦外科
129,普通科
130,泌尿外科
131,整形外科
132,兒科
133,兒科
135,精神科
136,家庭醫學
137,內分泌及糖尿科
138,普通科
139,骨科
140,普通科
141,普通科
142,婦產科
143,婦產科
144,婦產科
145,普通科
146,普通科
147,泌尿外科
148,普通科
149,外科
150,兒科
151,社會醫學
152,腎病科
153,婦產科
154,普通科
155,內科
156,普通科
157,普通科
158,普通科
159,家庭醫學
160,兒科
161,內科
162,普通科
163,眼科
164,普通科
166,普通科
167,婦產科
168,普通科
169,普通科
170,普通科
171,兒科
173,外科
174,社會醫學
175,內科
178,骨科
179,婦產科
180,普通科
181,精神科
182,普通科
183,普通科
184,兒科
185,耳鼻喉科
186,皮膚及性病科
187,麻醉科
188,呼吸系統科
189,家庭醫學
190,普通科
191,普通科
192,外科
193,家庭醫學
194,兒科 / 內科
195,普通科
196,家庭醫學
197,婦產科
198,家庭醫學
199,普通科
200,兒科
201,腦外科
202,外科
203,臨床腫瘤科
204,兒科
205,精神科
206,骨科
207,外科
208,普通科
209,臨床腫瘤科
210,外科
211,眼科
212,呼吸系統科
213,外科
214,腸胃肝臟科
215,普通科
216,普通科
219,心臟科
220,腸胃肝臟科
221,眼科
222,普通科
223,血液及血液腫瘤科
224,普通科
225,皮膚及性病科
226,普通科
227,放射科
228,婦產科
229,普通科
230,耳鼻喉科
231,普通科
232,普通科
233,普通科
234,眼科
235,婦產科
236,家庭醫學
237,普通科
238,泌尿外科
239,兒科
240,婦產科
241,婦產科
242,家庭醫學
243,放射科
244,皮膚及性病科
245,普通科
246,腸胃肝臟科
247,放射科
248,家庭醫學
249,普通科
250,普通科
251,普通科
252,普通科
253,兒科
254,腦神經科
255,兒科
256,外科
257,精神科
258,內分泌及糖尿科
259,普通科
260,普通科
261,兒科
262,腸胃肝臟科
263,普通科
264,眼科
265,普通科
266,普通科
267,家庭醫學
268,普通科
269,普通科
270,老人科
271,普通科
272,眼科
274,精神科
275,普通科
276,心臟科
277,婦產科
278,普通科
279,精神科
280,精神科
281,普通科
282,病理學
283,眼科
284,普通科
285,普通科
286,心臟科
287,心臟科
288,普通科
289,普通科
290,血液及血液腫瘤科
291,精神科
292,普通科
293,普通科
294,普通科
295,普通科
296,泌尿外科
297,外科
298,家庭醫學
299,兒科
300,普通科
301,普通科
302,骨科
303,普通科
304,外科
305,普通科
306,婦產科
307,普通科
309,普通科
310,普通科
311,普通科
312,腎病科
313,婦產科
314,家庭醫學
315,放射科
316,普通科
317,整形外科
318,普通科
319,內科腫瘤科
320,兒科
321,家庭醫學
322,普通科
323,放射科
324,腎病科
325,精神科
326,皮膚及性病科
327,普通科
328,普通科
329,內科
330,普通科
331,普通科
332,普通科
333,普通科
334,普通科
335,普通科
336,普通科
337,普通科
338,普通科
339,婦產科
340,外科
341,普通科
342,普通科
343,普通科
344,普通科
345,皮膚及性病科
346,心胸肺外科
347,精神科
348,普通科
349,普通科
350,普通科
351,普通科
352,放射科
353,心臟科
354,放射科
355,家庭醫學
356,婦產科
357,普通科
358,普通科
359,普通科
360,泌尿外科
361,普通科
362,外科
363,呼吸系統科
364,眼科
366,兒科
367,普通科
368,家庭醫學
369,普通科
370,普通科
371,皮膚及性病科
372,普通科
373,眼科
374,普通科
375,普通科
376,外科
377,普通科
378,婦產科
379,外科
380,皮膚及性病科
381,普通科
382,普通科
383,普通科
384,普通科
385,普通科
386,普通科
387,普通科
388,普通科
389,內科
390,家庭醫學
391,婦產科
392,兒科
393,家庭醫學
394,普通科
395,普通科
396,普通科
397,普通科
398,放射科
399,普通科
400,骨科
401,普通科
402,骨科
403,普通科
404,兒科
405,婦產科
406,普通科
407,普通科
408,外科
409,腦神經科
412,普通科
413,眼科
415,普通科
416,心臟科
417,普通科
418,家庭醫學
419,兒科 / 內科
421,普通科
422,放射科
423,兒科
424,心臟科
425,家庭醫學
426,精神科
427,婦產科
428,外科
429,普通科
430,婦產科
431,血液及血液腫瘤科
432,耳鼻喉科
433,內科
434,兒科 / 內科
435,普通科
436,內科
437,普通科
438,家庭醫學
439,精神科
440,普通科
441,外科
442,心胸肺外科
443,兒科
444,普通科
445,耳鼻喉科
446,內科
447,普通科
448,精神科
449,眼科
451,牙科 - 口腔頜面外科
452,外科
453,兒科
454,普通科
455,家庭醫學
456,腦神經科
457,普通科
458,普通科
459,普通科
460,臨床腫瘤科
461,婦產科
462,外科
463,內分泌及糖尿科
464,腎病科/家庭醫學
465,普通科
466,兒科
467,皮膚及性病科
468,普通科
469,普通科
470,骨科
471,外科
472,普通科
473,普通科
474,普通科
475,普通科
476,外科
477,普通科
478,心臟科
480,內科
481,普通科
482,婦產科
483,外科
484,耳鼻喉科
486,兒科 / 內科
487,耳鼻喉科
488,外科
489,普通科
490,婦產科
491,普通科
492,皮膚及性病科
493,家庭醫學
494,婦產科
495,臨床腫瘤科
496,普通科
497,普通科
498,兒科
499,普通科
500,眼科
501,眼科
502,兒科
503,普通科
504,精神科
505,婦產科
506,眼科
507,普通科
508,心臟科
509,家庭醫學
510,家庭醫學
511,整形外科
512,臨床腫瘤科
513,婦產科
514,麻醉科
515,心臟科
516,心臟科
517,外科
518,外科
519,普通科
520,普通科
521,普通科
522,家庭醫學
523,骨科
524,兒科
525,內科
526,眼科
527,普通科
528,呼吸系統科
529,婦產科
530,臨床腫瘤科
531,耳鼻喉科
532,普通科
533,家庭醫學
534,耳鼻喉科
535,普通科
536,耳鼻喉科
537,耳鼻喉科
539,普通科
540,整形外科
541,外科
542,普通科
543,普通科
544,婦產科
545,普通科
546,普通科
547,眼科
548,婦產科
549,普通科
550,普通科
551,普通科
552,兒科 / 內科
553,普通科
554,內科
555,外科
556,普通科
557,普通科
558,婦產科
559,普通科
560,眼科
561,骨科
562,普通科
563,外科
564,普通科
565,普通科
566,心臟科
567,普通科
568,婦產科
569,外科
570,外科
571,普通科
572,普通科
574,普通科
575,家庭醫學
576,普通科
577,普通科
578,外科
579,普通科
580,精神科
581,內科
582,腦神經科
583,普通科
584,普通科
585,內科
586,家庭醫學
587,普通科
589,內分泌及糖尿科
590,普通科
591,普通科
592,普通科
593,精神科
594,婦產科
595,家庭醫學
596,內科
597,普通科
598,普通科
599,外科
600,普通科
601,眼科
602,普通科
603,婦產科
604,普通科
605,兒科
606,普通科
607,腦外科
608,骨科
609,婦產科
610,普通科
611,家庭醫學
612,病理學
613,婦產科
614,內科
615,兒科
616,婦產科
617,兒科 / 內科
618,普通科
619,內科
620,家庭醫學
621,內科
622,小兒外科
623,腦神經科
624,普通科
625,腦神經科
626,普通科
627,家庭醫學
628,兒科 / 內科
629,普通科
630,心臟科
631,普通科
632,普通科
633,精神科
634,家庭醫學
635,社會醫學
636,家庭醫學
637,家庭醫學
638,普通科
639,普通科
641,骨科
642,普通科
643,皮膚及性病科
644,腦外科
645,耳鼻喉科
646,皮膚及性病科
647,普通科
648,兒科
649,婦產科
650,耳鼻喉科
651,外科
652,家庭醫學
653,兒科
654,婦產科
655,皮膚及性病科
656,放射科學
657,耳鼻喉科
658,普通科
659,家庭醫學
660,普通科
661,腎病科
662,普通科
663,婦產科
664,耳鼻喉科
665,婦產科
666,精神科
667,普通科
668,婦產科
669,內科
670,腸胃肝臟科
671,普通科
672,普通科
674,皮膚及性病科
675,外科
676,兒科
677,皮膚及性病科
678,急症科
679,家庭醫學
680,家庭醫學
681,普通科
682,普通科
684,婦產科
685,心臟科
686,外科
687,家庭醫學
688,普通科
689,兒科
690,普通科
692,內科
693,普通科
694,普通科
695,眼科
696,普通科
697,普通科
698,普通科
699,骨科
700,整形外科
701,普通科
702,普通科
703,泌尿科
704,腎病科
705,婦產科
706,普通科
707,骨科
708,呼吸系統科
709,普通科
710,家庭醫學
711,普通科
712,家庭醫學
713,眼科
714,腎病科
715,普通科
716,普通科
717,泌尿外科
718,腎病科
719,普通科
720,皮膚及性病科
721,內科
722,泌尿外科
723,婦產科
724,外科
725,家庭醫學
726,普通科
727,普通科
728,整形外科
729,兒科
731,心臟科
732,內科
733,泌尿外科
734,普通科
735,眼科
736,內科
737,普通科
739,普通科
740,皮膚及性病科
741,精神科
742,耳鼻喉科
743,整形外科
744,婦產科
745,普通科
746,普通科
747,放射科
748,整形外科
749,普通科
750,泌尿外科
751,外科
752,普通科
753,眼科
754,婦產科
755,心臟科
756,婦產科
757,精神科
758,骨科
759,內科
760,整形外科
762,普通科
763,內科
764,臨床腫瘤科
765,心臟科
766,普通科
767,腦神經科
768,普通科
769,整形外科
770,內科
771,兒科
772,皮膚及性病科
773,兒科
774,普通科
775,普通科
776,普通科
777,家庭醫學
778,兒科
779,普通科
780,普通科
781,普通科
782,眼科
783,眼科
784,腸胃肝臟科
785,普通科
786,耳鼻喉科
787,普通科
788,腸胃肝臟科
790,耳鼻喉科
791,內科
792,普通科
793,外科
794,腸胃肝臟科
795,放射科
796,兒科 / 內科
797,腸胃肝臟科
798,普通科
799,普通科
801,普通科
802,家庭醫學
803,兒科 / 內科
804,兒科
805,心臟科
806,普通科
807,普通科
808,普通科
810,內科
811,普通科
812,兒科
813,家庭醫學
814,深切治療科
815,婦產科
816,兒科
817,耳鼻喉科
818,老人科
819,外科
820,婦產科
821,普通科
822,普通科
823,普通科
824,普通科
825,皮膚及性病科
826,皮膚及性病科
827,外科
828,普通科
829,眼科
830,普通科
831,普通科
832,腦外科
833,兒科
834,家庭醫學
835,普通科
836,心臟科
837,腦神經科
839,心臟科
840,整形外科
841,外科
842,外科
843,骨科
844,普通科
845,外科
846,婦產科
847,普通科
848,骨科
849,兒科
850,精神科
851,心臟科
852,普通科
853,骨科
854,兒科
855,兒科
856,普通科
857,內科
858,家庭醫學
859,骨科
860,兒科 / 內科
861,整形外科
862,骨科
863,普通科
864,婦產科
865,普通科
866,兒科
867,兒科
868,普通科
869,泌尿外科
870,普通科
871,耳鼻喉科
872,普通科
873,普通科
874,小兒外科
875,皮膚及性病科
876,普通科
877,普通科
878,普通科
880,婦產科
881,普通科
882,腸胃肝臟科
883,外科
884,普通科
885,婦產科
886,普通科
887,普通科
888,腸胃肝臟科
889,內科
890,家庭醫學
891,家庭醫學
892,家庭醫學
893,普通科
894,普通科
895,普通科
896,普通科
897,普通科
898,普通科
899,眼科
900,眼科
902,普通科
903,普通科
904,普通科
905,普通科
906,婦產科
907,婦產科
908,普通科
910,普通科
911,外科
912,普通科
913,骨科
914,眼科
915,外科
916,普通科
917,普通科
918,心臟科
919,心臟科
920,腎病科
921,耳鼻喉科
922,外科
923,眼科
924,外科
925,普通科
926,兒科
928,普通科
929,泌尿外科
930,耳鼻喉科
931,骨科
932,精神科
933,外科
934,兒科
935,家庭醫學
936,普通科
937,普通科
938,外科
939,腦神經科
940,兒科
941,普通科
942,普通科
943,普通科
944,精神科
945,放射科
946,皮膚及性病科
947,外科
948,外科
949,外科
950,腸胃肝臟科
951,放射科
952,普通科門診
953,普通科
954,兒科
955,眼科
956,兒科
957,耳鼻喉科
958,內科
959,普通科
960,腸胃肝臟科
961,呼吸系統科
962,麻醉科
963,普通科
965,外科
966,兒科
967,普通科
968,普通科
969,普通科
970,普通科
971,普通科
972,普通科
973,普通科
974,骨科
975,普通科
976,普通科
977,精神科
978,普通科
979,普通科
980,普通科
981,普通科
982,兒科
983,骨科
984,外科
985,外科
986,腸胃肝臟科
987,兒科
988,婦產科
989,外科
990,內科
991,精神科
992,普通科
993,婦產科
994,整形外科
995,普通科
996,骨科
997,婦產科
999,家庭醫學
1000,婦產科
1001,內科
1002,外科
1003,普通科
1004,骨科
1006,婦產科
1007,普通科
1008,外科
1009,外科
1010,普通科
1011,外科
1012,外科
1013,耳鼻喉科
1014,家庭醫學
1015,眼科
1016,眼科
1017,普通科
1018,家庭醫學
1019,普通科
1020,骨科
1021,兒科
1022,普通科
1023,普通科
1024,婦產科
1025,腦外科
1026,老人科
1027,普通科
1028,普通科
1029,普通科
1030,普通科
1031,腸胃肝臟科
1033,外科
1034,普通科
1035,普通科
1036,婦產科
1037,眼科
1038,兒科
1039,耳鼻喉科
1040,普通科
1041,家庭醫學
1042,普通科
1043,精神科
1044,心臟科
1045,普通科
1046,外科
1047,普通科
1049,普通科
1052,家庭醫學
1053,普通科
1054,皮膚及性病科
1056,普通科
1057,家庭醫學
1058,骨科
1059,普通科
1060,家庭醫學
1061,婦產科
1062,眼科
1064,普通科
1065,骨科
1066,婦產科
1067,外科
1068,耳鼻喉科
1069,兒科
1070,耳鼻喉科
1071,普通科
1072,普通科
1073,心臟科
1074,家庭醫學
1075,普通科
1076,外科
1077,普通科
1078,婦產科
1079,普通科
1080,普通科
1081,普通科
1082,骨科
1083,家庭醫學
1084,普通科
1085,外科
1086,普通科
1087,外科
1088,普通科
1089,普通科
1090,普通科
1091,普通科
1092,兒科
1093,家庭醫學
1094,普通科
1095,普通科
1096,外科
1097,外科
1098,骨科
1099,兒科
1100,社會醫學
1101,普通科
1102,普通科
1104,耳鼻喉科
1105,普通科
1106,內科
1107,骨科
1108,骨科
1109,普通科
1110,普通科
1111,普通科
1112,內科
1113,家庭醫學
1114,兒科
1115,普通科
1116,普通科
1117,外科
1118,兒科
1119,家庭醫學
1120,內科
1121,普通科
1122,內科
1123,外科
1124,普通科
1125,普通科
1126,內科
1128,婦產科
1129,普通科
1130,精神科
1131,普通科
1133,普通科
1134,婦產科
1135,婦產科
1136,普通科
1137,婦產科
1138,呼吸系統科
1139,普通科
1140,內科
1141,兒科
1142,心臟科
1143,普通科
1145,整形外科
1146,兒科
1147,精神科
1148,普通科
1149,普通科
1150,普通科
1151,外科
1152,泌尿外科
1153,眼科
1154,普通科
1155,普通科
1157,內科
1158,普通科
1160,呼吸系統科
1161,家庭醫學
1162,外科
1163,普通科
1164,普通科
1165,皮膚及性病科
1166,普通科
1167,病理學
1168,家庭醫學
1169,婦產科
1170,普通科
1171,普通科
1172,普通科
1173,普通科
1174,兒科 / 內科
1175,普通科
1176,呼吸系統科
1177,家庭醫學
1178,內科/風濕病科
1179,兒科
1180,婦產科
1181,病理學
1182,風濕病科
1183,普通科
1184,普通科
1185,普通科
1186,普通科
1187,婦產科
1188,骨科
1189,普通科
1190,普通科
1192,風濕病科
1193,外科
1194,普通科
1195,腦外科
1196,普通科
1197,兒科
1198,外科
1199,普通科
1200,普通科
1201,內科
1202,骨科
1203,普通科
1204,心臟科
1205,放射科
1206,婦產科
1207,普通科
1208,普通科
1209,內科
1210,普通科
1211,普通科
1213,精神科
1214,心胸肺外科
1216,腦神經科
1218,普通科
1219,婦產科
1220,皮膚及性病科
1221,耳鼻喉科
1222,家庭醫學
1223,外科
1224,兒科
1225,普通科
1226,普通科
1227,外科
1228,兒科
1229,普通科
1230,整形外科
1231,眼科
1232,家庭醫學
1233,普通科
1234,外科
1235,婦產科
1236,骨科
1237,兒科
1238,普通科
1239,普通科
1240,普通科
1241,腸胃肝臟科
1243,普通科
1244,泌尿外科
1245,普通科
1246,皮膚及性病科
1247,兒科
1248,普通科
1249,兒科
1250,婦產科
1251,皮膚及性病科
1252,呼吸系統科
1253,兒科
1254,婦產科
1255,普通科
1256,普通科
1257,家庭醫學
1258,外科
1259,腦外科
1260,外科
1262,普通科
1263,骨科
1264,婦產科
1265,普通科
1266,眼科
1267,婦產科
1268,家庭醫學
1269,普通科
1270,家庭醫學
1272,普通科
1273,普通科
1274,普通科
1275,外科
1276,普通科
1277,普通科
1278,精神科
1279,普通科
1280,家庭醫學
1281,普通科
1283,兒科
1284,普通科
1285,皮膚及性病科
1286,普通科
1287,兒科
1288,普通科
1289,眼科
1290,心胸肺外科
1291,兒科
1292,皮膚及性病科
1294,眼科
1295,心臟科
1296,普通科
1297,婦產科
1298,普通科
1299,內科
1300,兒科
1302,普通科
1303,普通科
1304,普通科
1305,腸胃肝臟科
1306,普通科
1308,心臟科
1310,普通科
1311,普通科
1312,普通科
1313,心臟科
1314,精神科
1315,普通科
1316,普通科
1317,普通科
1318,泌尿外科
1319,普通科
1320,骨科
1321,普通科
1322,婦產科
1323,普通科
1324,眼科
1325,兒科
1326,外科
1327,兒科
1328,腎病科
1329,婦產科
1330,外科
1332,放射科
1333,普通科
1334,普通科
1335,家庭醫學
1336,心臟科
1338,普通科
1339,家庭醫學
1340,耳鼻喉科
1341,普通科
1342,家庭醫學
1343,普通科
1344,心臟科
1345,臨床腫瘤科
1346,兒科
1347,家庭醫學
1348,普通科
1349,心臟科
1350,普通科
1351,普通科
1352,普通科
1353,整形外科
1354,骨科
1355,普通科
1356,骨科
1357,眼科
1358,婦產科
1359,婦產科
1360,普通科
1361,普通科
1362,普通科
1363,外科
1364,普通科
1365,內科
1366,普通科
1367,普通科
1368,普通科
1369,家庭醫學
1370,兒科
1371,內科
1372,普通科
1373,普通科
1374,放射科
1375,普通科
1376,普通科
1377,心臟科
1378,普通科
1380,婦產科
1381,普通科
1382,外科
1383,普通科
1384,普通科
1385,普通科
1386,耳鼻喉科
1387,普通科
1388,家庭醫學
1389,放射科
1390,普通科
1391,兒科
1392,婦產科
1393,普通科
1394,普通科
1395,婦產科
1397,放射科
1398,普通科
1399,心臟科
1400,家庭醫學
1401,精神科
1402,耳鼻喉科
1403,普通科
1404,外科
1405,放射科
1406,內科
1407,普通科
1408,普通科
1409,兒科
1410,普通科
1411,普通科
1412,普通科
1413,耳鼻喉科
1414,泌尿外科
1415,普通科
1416,腦神經科
1417,兒科
1418,普通科
1419,普通科
1420,普通科
1422,普通科
1423,家庭醫學
1424,內科
1425,外科
1426,婦產科
1427,普通科
1428,兒科
1429,耳鼻喉科
1430,兒科
1431,感染及傳染病科
1432,普通科
1433,心臟科
1434,兒科
1435,家庭醫學
1436,內科腫瘤科
1437,泌尿外科
1438,病理學
1439,普通科
1440,內科
1441,家庭醫學
1442,普通科
1443,皮膚及性病科
1444,普通科
1445,婦產科
1446,婦產科
1447,骨科
1448,婦產科
1449,普通科
1450,骨科
1451,婦產科
1452,普通科
1453,家庭醫學
1454,普通科
1456,普通科
1457,普通科
1458,家庭醫學
1460,婦產科
1461,普通科
1462,普通科
1463,婦產科
1464,家庭醫學
1465,普通科
1466,婦產科
1467,精神科
1468,耳鼻喉科
1469,普通科
1470,普通科
1471,普通科
1472,普通科
1473,眼科
1474,精神科
1475,耳鼻喉科
1476,骨科
1477,普通科
1478,骨科
1479,普通科
1480,婦產科
1481,整形外科
1482,骨科
1483,普通科
1484,兒科
1485,普通科
1486,婦產科
1487,普通科
1488,內分泌及糖尿科
1489,放射科
1490,放射科
1491,普通科
1492,普通科
1493,眼科
1494,泌尿外科
1495,家庭醫學
1496,腎病科
1497,普通科
1498,兒科
1499,皮膚及性病科
1500,普通科
1501,普通科
1502,普通科
1503,風濕病科
1504,普通科
1505,整形外科
1506,普通科
1507,普通科
1509,心臟科
1510,普通科
1511,普通科
1512,外科
1513,普通科
1514,婦產科
1515,普通科
1516,普通科
1517,家庭醫學
1518,婦產科
1519,整形外科
1520,婦產科
1521,內科
1522,普通科
1524,普通科
1525,耳鼻喉科
1526,普通科
1527,普通科
1528,麻醉科
1529,普通科
1530,腸胃肝臟科
1531,普通科
1532,普通科
1533,普通科
1534,普通科
1535,普通科
1536,普通科
1537,普通科
1538,骨科
1539,普通科
1540,普通科
1541,普通科
1542,普通科
1543,眼科
1544,婦產科
1545,家庭醫學
1546,家庭醫學
1547,外科
1548,眼科
1550,泌尿外科
1551,精神科
1552,普通科
1553,老人科
1554,腦神經科
1555,耳鼻喉科
1556,普通科
1557,兒科
1558,普通科
1559,兒科
1560,腎病科
1561,婦產科
1562,普通科
1563,整形外科
1564,老人科
1565,骨科
1566,家庭醫學
1567,外科
1568,腦神經科
1569,外科
1570,普通科
1571,婦產科
1572,普通科
1573,外科
1574,兒科
1575,外科
1576,耳鼻喉科
1577,普通科
1578,普通科
1579,家庭醫學
1580,內科
1582,精神科
1583,普通科
1584,兒科
1585,眼科
1586,兒科
1587,內科
1588,普通科
1589,內科
1590,普通科
1591,普通科
1592,普通科
1593,普通科
1594,普通科
1595,眼科
1596,家庭醫學
1597,普通科
1598,婦產科
1599,婦產科
1600,皮膚及性病科
1601,家庭醫學
1602,泌尿外科
1603,家庭醫學
1604,普通科
1605,家庭醫學
1606,整形外科
1607,普通科
1608,婦產科
1609,整形外科
1610,普通科
1611,耳鼻喉科
1612,普通科
1613,家庭醫學
1614,普通科
1615,外科
1616,耳鼻喉科
1617,普通科
1618,普通科
1619,內科
1620,普通科
1621,呼吸系統科
1622,婦產科
1623,普通科
1624,內科
1625,兒科
1626,普通科
1627,放射科
1630,普通科
1631,家庭醫學
1632,內科
1633,精神科
1635,普通科
1636,普通科
1637,婦產科
1638,普通科
1639,普通科
1640,普通科
1641,呼吸系統科
1642,骨科
1644,普通科
1645,普通科
1646,兒科 / 內科
1647,骨科
1649,普通科
1650,普通科
1651,普通科
1652,心臟科
1653,泌尿外科
1654,普通科
1656,普通科
1657,普通科
1658,內科
1659,普通科
1660,外科
1661,耳鼻喉科
1662,兒科
1663,兒科
1664,普通科
1665,臨床腫瘤科
1666,內科
1667,普通科
1668,家庭醫學
1669,老人科
1670,內科
1671,普通科
1672,普通科
1673,普通科
1674,內科
1675,普通科
1676,普通科
1677,皮膚及性病科
1678,普通科
1679,眼科
1680,內科腫瘤科
1681,家庭醫學
1682,外科
1684,婦產科
1685,精神科
1686,兒科
1687,普通科
1688,精神科
1689,家庭醫學
1690,外科
1691,眼科
1692,外科
1693,普通科
1694,婦產科
1695,內科
1697,外科
1698,婦產科
1699,兒科
1700,精神科
1701,兒科
1702,普通科
1703,心臟科
1704,普通科
1705,內科
1706,婦產科
1707,內科腫瘤科
1708,家庭醫學
1709,普通科
1710,內科
1711,外科
1712,兒科
1713,普通科
1714,普通科
1715,精神科
1716,兒科
1717,普通科
1718,精神科
1719,普通科
1720,婦產科
1721,兒科
1722,內分泌及糖尿科
1723,呼吸系統科
1725,腦外科
1726,婦產科
1727,婦產科
1728,心臟科
1729,骨科
1730,普通科
1731,心臟科
1732,家庭醫學
1733,普通科
1734,普通科
1735,普通科
1736,婦產科
1737,普通科
1738,普通科
1739,骨科
1740,婦產科
1741,普通科
1742,普通科
1743,內科
1744,骨科
1745,普通科
1746,普通科
1747,泌尿外科
1749,普通科
1750,家庭醫學
1751,普通科
1752,普通科
1753,普通科
1754,普通科
1755,老人科
1756,普通科
1757,臨床腫瘤科
1758,普通科
1759,普通科
1760,普通科
1761,心臟科
1762,普通科
1763,兒科
1764,心臟科
1765,普通科
1766,家庭醫學
1767,普通科
1768,腎病科
1769,普通科
1771,眼科
1772,普通科
1773,普通科
1774,兒科
1775,兒科
1776,普通科
1777,家庭醫學
1778,婦產科
1779,普通科
1780,普通科
1781,普通科
1783,普通科
1784,內科
1785,普通科
1786,內科
1787,普通科
1788,皮膚及性病科
1789,腸胃肝臟科
1790,內科
1791,普通科
1792,普通科
1793,婦產科
1794,耳鼻喉科
1795,普通科
1796,外科
1799,普通科
1800,皮膚及性病科
1801,外科
1802,骨科
1803,普通科
1804,心臟科
1805,外科
1807,普通科
1808,普通科
1809,內分泌及糖尿科
1810,普通科
1811,泌尿外科
1812,普通科
1813,普通科
1815,耳鼻喉科
1816,普通科
1817,兒科
1818,家庭醫學
1819,精神科
1820,內科
1821,骨科
1822,普通科
1823,外科
1824,婦產科
1825,耳鼻喉科
1826,牙科 口腔頜面外科
1827,婦產科
1828,普通科
1829,普通科
1830,普通科
1831,普通科
1832,家庭醫學
1833,眼科
1834,婦產科
1835,家庭醫學
1836,兒科
1837,普通科
1838,外科
1839,骨科
1840,普通科
1841,普通科
1842,整形外科
1843,普通科
1844,普通科
1845,普通科
1847,普通科
1848,精神科
1849,婦產科
1850,眼科
1851,普通科
1852,腸胃肝臟科
1853,普通科
1854,普通科
1855,臨床腫瘤科
1856,外科
1857,普通科
1858,呼吸系統科
1859,腦神經科
1860,普通科
1861,耳鼻喉科
1862,普通科
1863,眼科
1864,外科
1865,外科
1866,普通科
1867,普通科
1868,精神科
1869,普通科
1870,內科
1871,內科
1872,兒科
1873,腎病科
1874,普通科
1875,普通科
1876,普通科
1877,兒科
1878,普通科
1879,普通科
1880,外科
1881,普通科
1882,婦產科
1883,眼科
1884,外科
1885,普通科
1886,普通科
1887,婦產科
1888,兒科
1889,外科
1890,放射科
1891,腎病科
1892,兒科
1893,普通科
1894,家庭醫學
1895,家庭醫學
1896,普通科
1897,普通科
1898,心臟科
1899,眼科
1900,普通科
1901,眼科
1902,兒科
1903,普通科
1904,家庭醫學
1905,家庭醫學
1906,骨科
1907,內科
1908,"骨科,復康專科"
1909,內分泌及糖尿科
1910,兒科
1911,普通科
1912,普通科
1913,普通科
1914,兒科
1915,眼科
1916,骨科
1917,普通科
1918,婦產科
1919,普通科
1920,家庭醫學
1921,精神科
1922,家庭醫學
1923,普通科
1924,普通科
1925,普通科
1926,普通科
1927,眼科
1928,婦產科
1929,風濕病科
1930,兒科
1931,普通科
1932,外科
1934,普通科
1935,普通科
1936,普通科
1937,婦產科
1938,外科
1939,普通科
1940,外科
1941,整形外科
1942,普通科
1943,家庭醫學
1944,普通科
1945,兒科
1946,臨床腫瘤科
1947,兒科
1948,風濕病科
1949,婦產科
1951,普通科
1952,普通科
1953,耳鼻喉科
1954,兒科
1955,普通科
1956,普通科
1957,普通科
1959,普通科
1961,普通科
1962,普通科
1963,家庭醫學
1964,普通科
1966,普通科
1967,泌尿外科
1968,心臟科
1969,兒科
1970,普通科
1971,外科
1972,普通科
1973,普通科
1974,普通科
1976,放射科
1977,普通科
1978,心臟科
1979,兒科
1980,普通科
1981,骨科
1982,普通科
1983,普通科
1984,心臟科
1985,普通科
1986,普通科
1987,普通科
1988,普通科
1989,放射科
1990,普通科
1991,普通科
1992,家庭醫學
1993,普通科
1994,眼科
1995,普通科
1996,普通科
1997,婦產科
1998,精神科
1999,普通科
2000,普通科
2001,普通科
2002,婦產科
2003,內科
2004,婦產科
2005,普通科
2006,老人科
2007,普通科
2008,心臟科
2009,耳鼻喉科
2011,普通科
2012,普通科
2013,婦產科
2014,骨科
2015,皮膚及性病科
2016,內科
2017,普通科
2018,耳鼻喉科
2019,普通科
2020,兒科
2021,心臟科
2022,家庭醫學
2023,普通科
2024,普通科
2025,普通科
2026,兒科
2027,普通科
2028,普通科
2029,普通科
2030,麻醉科
2031,兒科
2032,兒科
2033,外科
2034,婦產科
2035,普通科
2036,風濕病科
2037,腎病科
2038,眼科
2039,普通科
2040,婦產科
2041,婦產科
2042,普通科
2043,心胸肺外科
2044,普通科
2045,普通科
2046,普通科
2047,普通科
2048,家庭醫學
2049,泌尿外科
2050,骨科
2051,泌尿外科
2052,普通科
2053,兒科
2054,普通科
2055,普通科
2056,普通科
2057,普通科
2058,耳鼻喉科
2059,普通科
2061,骨科
2062,兒科
2063,普通科
2064,普通科
2065,放射科
2066,普通科
2067,骨科
2068,普通科
2069,普通科
2070,皮膚及性病科
2071,腸胃肝臟科
2072,家庭醫學
2073,兒科
2074,外科
2075,普通科
2076,耳鼻喉科
2077,家庭醫學
2078,婦產科
2079,普通科
2080,普通科
2081,牙科 口腔頜面外科
2082,普通科
2083,婦產科
2084,普通科
2085,腸胃肝臟科
2086,婦產科
2087,骨科
2088,兒科
2089,婦產科
2090,普通科
2091,風濕病科
2092,心臟科
2093,耳鼻喉科
2094,泌尿外科
2095,外科
2096,婦產科
2097,臨床腫瘤科
2098,普通科
2099,家庭醫學
2100,普通科
2101,普通科
2102,普通科
2103,普通科
2104,普通科
2105,兒科
2106,婦產科
2107,外科
2108,普通科
2109,家庭醫學
2111,普通科
2112,婦產科
2113,普通科
2114,整形外科
2115,普通科
2116,皮膚及性病科
2117,骨科
2118,普通科
2119,整形外科
2120,腸胃肝臟科
2121,婦產科
2122,普通科
2123,普通科
2124,眼科
2125,普通科
2126,腦外科
2127,耳鼻喉科
2128,心臟科
2130,精神科
2131,普通科
2132,外科
2133,普通科
2134,兒科
2135,普通科
2136,耳鼻喉科
2137,兒科
2138,家庭醫學
2139,眼科
2140,普通科
2141,外科
2142,普通科
2144,普通科
2145,普通科
2146,普通科
2147,骨科
2148,婦產科
2149,家庭醫學
2150,內科/腎病科
2151,普通科
2153,普通科
2154,普通科
2155,眼科
2156,眼科
2157,兒科
2158,麻醉科
2159,婦產科
2160,眼科
2161,兒科/內科
2162,腎病科
2163,普通科
2164,婦產科
2165,外科
2166,普通科
2168,腦外科
2169,泌尿外科
2170,外科
2171,普通科
2172,婦產科
2173,普通科
2174,普通科
2175,兒科
2176,眼科
2177,骨科
2178,骨科
2179,普通科
2180,免疫及過敏病科
2181,普通科
2182,普通科
2183,骨科
2184,普通科
2185,兒科
2186,皮膚及性病科
2187,普通科
2188,普通科
2189,婦產科
2190,普通科
2191,普通科
2192,心臟科
2193,普通科
2194,普通科
2195,普通科
2196,普通科
2197,放射科
2198,婦產科
2199,普通科
2200,普通科
2201,骨科
2203,普通科
2204,婦產科
2205,普通科
2206,普通科
2207,精神科
2208,腸胃肝臟科
2210,普通科
2211,普通科
2212,婦產科
2213,生殖醫學科
2214,普通科
2215,病理學
2216,整形外科
2217,兒科 / 腦科
2218,普通科
2219,普通科
2220,兒科
2221,小兒外科
2222,眼科
2223,普通科
2224,外科
2225,兒科 / 內科
2226,精神科
2227,普通科
2228,外科
2229,外科
2230,普通科
2231,骨科
2232,眼科
2233,普通科
2234,內科
2235,兒科
2236,普通科
2237,婦產科
2238,兒科
2239,婦產科
2240,家庭醫學
2241,普通科
2242,普通科
2243,家庭醫學
2244,普通科
2245,普通科
2246,眼科
2247,眼科
2248,眼科
2249,眼科
2250,內科
2251,兒科
2252,普通科
2253,心胸肺外科
2254,臨床腫瘤科
2255,整形外科
2256,普通科
2257,普通科
2258,普通科
2259,小兒外科
2260,耳鼻喉科
2262,普通科
2263,皮膚及性病科
2264,泌尿外科
2265,泌尿外科
2266,兒科
2267,腸胃肝臟科
2268,普通科
2269,心臟科
2270,職業醫學
2271,普通科
2272,普通科
2273,婦產科
2274,普通科
2275,家庭醫學
2276,普通科
2277,婦產科
2278,兒科
2279,普通科
2280,內科
2281,皮膚及性病科
2282,普通科
2283,眼科
2284,婦產科
2285,家庭醫學
2286,外科
2287,普通科
2288,普通科
2289,皮膚及性病科
2290,兒科
2291,普通科
2292,精神科
2293,耳鼻喉科
2294,呼吸系統科
2295,外科
2296,腎病科
2297,腦神經科
2298,普通科
2299,泌尿外科
2300,普通科
2301,內科
2302,耳鼻喉科
2303,普通科
2304,普通科
2305,家庭醫學
2306,普通科
2307,耳鼻喉科
2308,普通科
2309,兒科
2311,普通科
2312,麻醉科
2313,婦產科
2314,普通科
2315,耳鼻喉科
2316,普通科
2318,眼科
2319,普通科
2320,婦產科
2321,骨科
2322,普通科
2323,普通科
2324,腎病科
2325,婦產科
2326,普通科
2327,普通科
2329,兒科
2330,外科
2331,婦產科
2332,普通科
2333,普通科
2334,普通科
2335,普通科
2336,普通科
2337,普通科
2338,外科
2339,普通科
2341,婦產科
2342,內科/老人科
2343,內分泌及糖尿科
2344,婦產科
2345,普通科
2347,普通科
2348,普通科
2349,普通科
2350,普通科
2351,普通科
2353,內科
2354,普通科
2355,普通科
2356,家庭醫學
2357,普通科
2359,普通科
2360,普通科
2362,普通科
2363,普通科
2364,普通科
2365,兒科/內科
2366,普通科
2367,普通科
2368,普通科
2370,普通科
2371,普通科
2372,骨科
2374,普通科
2376,普通科
2377,普通科
2378,兒科/內科
2379,普通科
2380,普通科
2381,普通科
2382,普通科
2383,普通科
2385,普通科
2386,普通科
2387,普通科
2388,普通科
2389,普通科
2390,普通科
2391,普通科
2393,普通科
2394,普通科
2395,普通科
2396,內分泌及糖尿科
2397,普通科
2398,普通科
2399,普通科
2400,普通科
2401,普通科
2402,普通科
2403,普通科
2405,普通科
2406,普通科
2407,普通科
2408,普通科
2409,普通科
2410,普通科
2411,普通科
2412,普通科
2413,普通科
2414,普通科
2415,普通科
2416,普通科
2417,普通科
2418,兒科
2419,普通科
2420,普通科
2421,普通科
2422,普通科
2423,普通科
2424,普通科
2425,普通科
2427,普通科
2428,家庭醫學
2429,普通科
2430,普通科
2431,普通科
2432,普通科
2433,普通科
2434,普通科
2435,普通科
2436,普通科
2437,普通科
2438,兒科
2439,家庭醫學
2440,腦神經
2441,普通科
2442,普通科
2443,普通科
2444,普通科
2445,普通科
2446,普通科
2447,普通科
2448,普通科
2449,普通科
2451,普通科
2452,普通科
2453,普通科
2454,普通科
2455,普通科
2456,內科
2457,普通科
2458,普通科
2459,普通科
2460,普通科
2461,普通科
2462,普通科
2463,普通科
2465,普通科
2466,普通科
2467,普通科
2468,普通科
2469,普通科
2471,普通科
2472,普通科
2473,普通科
2474,普通科
2475,普通科
2476,普通科
2477,普通科
2478,普通科
2479,普通科
2481,普通科
2482,普通科
2483,普通科
2484,普通科
2485,普通科
2486,普通科
2487,兒科
2488,普通科
2489,普通科
2490,普通科
2491,普通科
2492,普通科
2493,普通科
2494,普通科
2495,普通科
2496,普通科
2497,普通科
2498,普通科
2499,普通科
2500,普通科
2501,兒科
2502,普通科
2503,普通科
2504,普通科
2505,普通科
2506,普通科
2507,普通科
2508,普通科
2509,普通科
2510,普通科
2511,普通科
2512,普通科
2513,普通科
2514,普通科
2516,普通科
2517,家庭醫學
2518,普通科
2519,普通科
2520,普通科
2521,普通科
2522,普通科
2523,普通科
2524,普通科
2525,普通科
2526,普通科
2527,普通科
2528,普通科
2529,普通科
2530,普通科
2531,普通科
2532,普通科
2533,普通科
2534,普通科
2535,普通科
2536,普通科
2537,普通科
2538,普通科
2539,普通科
2540,普通科
2541,普通科
2542,普通科
2543,普通科
2544,普通科
2546,內科
2548,普通科
2549,普通科
2551,普通科
2552,普通科
2553,家庭醫學
2554,普通科
2555,普通科
2556,普通科
2557,普通科
2558,普通科
2559,普通科
2560,普通科
2561,普通科
2562,普通科
2563,普通科
2564,普通科
2565,普通科
2566,普通科
2567,普通科
2568,普通科
2569,普通科
2570,普通科
2571,普通科
2572,普通科
2573,普通科
2574,普通科
2575,普通科
2576,普通科
2577,外科
2578,普通科
2579,普通科
2580,普通科
2581,內科
2582,普通科
2583,普通科
2584,普通科
2585,普通科
2586,普通科
2587,家庭醫學
2588,普通科
2589,普通科
2590,普通科
2591,普通科
2592,普通科
2593,普通科
2594,普通科
2595,普通科
2596,普通科
2597,普通科
2598,普通科
2599,普通科
2600,普通科
2601,普通科
2602,普通科
2603,普通科
2604,普通科
2605,普通科
2606,普通科
2607,普通科
2608,普通科
2609,普通科
2610,家庭醫學
2611,普通科
2612,普通科
2613,普通科
2614,普通科
2615,普通科
2617,普通科
2618,普通科
2619,普通科
2620,普通科
2621,普通科
2624,普通科
2625,普通科
2627,普通科
2628,外科
2629,外科
2630,放射科
2632,麻醉科
2633,放射科
2634,放射科
2635,外科
2636,病理學
2637,腸胃肝臟科
2638,病理學
2639,心臟科
2640,眼科
2641,核子醫學科
2642,家庭醫學
2643,家庭醫學
2644,臨床腫瘤科
2645,麻醉科
2646,外科
2647,精神科
2649,內科
2650,普通科
2651,心臟科
2652,麻醉科
2653,病理學
2654,臨床腫瘤科
2655,呼吸系統科
2656,婦產科
2657,普通科
2658,核子醫學科
2659,普通科
2660,麻醉科
2661,放射科
2662,眼科
2663,家庭醫學
2664,內分泌及糖尿病
2665,婦產科
2667,血液及血液腫瘤科
2668,婦產科
2669,外科
2670,病理科
2671,普通科
2672,家庭醫學
2673,家庭醫學
2674,放射科
2675,家庭醫學
2677,家庭醫學
2678,婦產科
2679,病理學
2680,骨科
2681,婦產科
2682,內分泌及糖尿病
2683,家庭醫學 / 內科
2684,放射科
2685,核子醫學科
2686,骨科
2687,泌尿外科
2688,耳鼻喉科
2689,婦產科
2690,兒科
2691,放射科
2692,家庭醫學
2693,家庭醫學
2694,放射科
2695,婦產科
2696,家庭醫學
2697,病理科
2698,放射科
2699,耳鼻喉科
2701,婦產科
2702,婦產科
2704,婦產科
2705,婦產科 / 泌尿婦科
2706,婦產科
2707,婦產科
2708,婦產科
2709,婦產科
2710,婦產科
2711,婦產科
2712,婦產科
2713,婦產科
2715,婦產科
2716,婦產科
2717,婦產科
2718,兒科
2719,兒科
2720,兒科
2721,兒科
2722,兒科
2723,兒科
2724,兒科
2725,婦產科
2726,婦產科
2727,普通科
2728,婦產科
2729,婦產科
2730,婦產科
2732,內分泌及糖尿科
2733,整形外科
2734,皮膚及性病科
2735,普通科
2736,外科
2737,外科
2738,放射科
2739,外科
2740,家庭醫學
2741,腸胃肝臟科
2743,外科
2744,麻醉科
2745,心臟科
2747,兒科
2748,臨床腫瘤科
2750,普通科
2753,外科
2754,整形外科
2755,兒科
2756,兒科
2757,普通科
2758,小兒外科
2759,外科
2760,泌尿外科
2761,內科
2762,眼科
2763,普通科
2764,婦產科
2765,呼吸系統科
2766,普通科
2767,小兒外科
2768,心臟科
2769,急症科
2770,急症科
2771,家庭醫學
2772,家庭醫學
2773,外科
2774,腎病科
2775,腦神經科
2776,婦產科
2777,婦產科
2778,婦產科
2779,骨科
2780,骨科
2781,兒科
2782,兒科
2783,兒科
2784,呼吸系統科
2785,心臟科
2786,耳鼻喉科
2788,眼科
2789,核子醫學科
2790,臨床腫瘤科
2791,臨床腫瘤科
2792,皮膚科
2793,外科
2794,泌尿外科
2795,泌尿外科
2796,婦產科
2797,眼科
2798,外科
2800,皮膚及性病科
2802,外科
2803,骨科
2806,外科
2807,耳鼻喉科
2808,泌尿科
2809,內分泌及糖尿科
2810,內分泌及糖尿科
2811,內分泌及糖尿科
2813,內科
2814,普通科
2815,普通科
2816,普通科
2817,普通科
2818,兒科 / 內科
2819,普通科
2821,家庭醫學
2822,普通科
2823,普通科
2824,普通科
2825,普通科
2826,普通科
2827,普通科
2828,兒科
2829,普通科
2830,普通科
2831,普通科
2832,普通科
2833,普通科
2834,普通科
2836,普通科
2837,普通科
2838,普通科
2839,普通科
2840,普通科
2841,普通科
2842,普通科
2843,普通科
2844,普通科
2845,普通科
2847,兒科 / 內科
2848,小兒外科
2849,普通科
2850,兒科 / 內科
2851,普通科
2852,普通科
2853,外科
2854,普通科
2855,骨科
2856,內分泌及糖尿科
2857,呼吸系統科
2858,兒科
2859,兒科
2860,兒科
2861,婦產科
2862,眼科
2863,家庭醫學
2864,普通科
2865,普通科
2866,普通科
2867,骨科
2868,普通科
2869,耳鼻喉科
2870,普通科
2872,普通科
2874,普通科
2875,普通科
2876,普通科
2877,普通科
2878,普通科
2879,普通科
2880,婦產科
2881,普通科
2882,普通科
2883,普通科
2884,普通科
2885,普通科
2886,普通科
2887,泌尿外科
2888,普通科
2889,普通科
2890,普通科
2891,急症科
2893,普通科
2895,普通科
2896,普通科
2897,外科
2898,外科
2899,普通科
2900,精神科
2902,普通科
2903,普通科
2904,家庭醫學
2909,普通科
2916,內科
2920,呼吸系統科
2922,普通科
2923,普通科
2924,內科
2925,婦產科
2926,血液及血液腫瘤科
2927,普通科
2928,婦產科
2929,婦產科
2930,眼科
2931,皮膚及性病科
2932,普通科
2933,家庭醫學
2934,呼吸系統科
2935,外科
2936,兒科
2937,普通科
2938,普通科
2939,腦外科
2940,眼科
2941,精神科
2943,普通科
2944,腸胃肝臟科
2945,骨科
2946,骨科
2947,普通科
2949,精神科
2950,泌尿外科
2951,耳鼻喉科
2952,麻醉科
2953,心胸肺外科
2954,普通科
2955,普通科
2956,普通科
2957,內科
2958,普通科
2959,普通科
2960,皮膚及性病科
2961,普通科
2962,普通科
2963,家庭醫學
2964,外科
2965,脊骨神經科(脊醫)
2968,脊骨神經科(脊醫)
2969,脊骨神經科(脊醫)
2970,脊骨神經科(脊醫)
2971,脊骨神經科(脊醫)
2972,脊骨神經科(脊醫)
2973,脊骨神經科(脊醫)
2974,脊骨神經科(脊醫)
2975,脊骨神經科(脊醫)
2976,脊骨神經科(脊醫)
2977,脊骨神經科(脊醫)
2978,脊骨神經科(脊醫)
2979,脊骨神經科(脊醫)
2980,脊骨神經科(脊醫)
2981,脊骨神經科(脊醫)
2982,脊骨神經科(脊醫)
2983,脊骨神經科(脊醫)
2984,脊骨神經科(脊醫)
2985,脊骨神經科(脊醫)
2986,心胸肺外科
2987,兒科
2988,家庭醫學
2989,眼科
2990,耳鼻喉科
2991,普通科
2992,普通科
2993,腦神經科
2994,骨科
2995,整形外科
2996,普通科
2997,老人科
2998,兒科
2999,兒科
3000,普通科
3001,骨科
3003,心臟科
3004,放射科
3005,兒科
3006,普通科
3007,外科
3008,骨科
3009,腸胃肝臟科
3010,放射科
3011,普通科
3012,普通科
3013,骨科
3014,耳鼻喉科
3015,兒科
3016,婦產科
3017,普通科
3018,婦產科
3019,精神科
3020,婦產科
3021,普通科
3022,精神科
3023,骨科
3025,腦神經科
3026,普通科
3027,普通科
3028,家庭醫學
3029,腸胃肝臟科
3030,普通科
3031,普通科
3032,腎病科
3033,呼吸系統科
3034,急症科
3035,耳鼻喉科
3036,婦產科
3037,病理科
3038,麻醉科
3039,普通科
3040,普通科
3041,精神科
3042,精神科
3043,外科
3044,眼科
3046,骨科
3047,放射科
3048,兒科
3049,老人科
3050,內科
3051,婦產科
3052,普通科
3053,婦產科
3055,麻醉科
3056,普通科
3057,急症科
3058,腸胃肝臟科
3059,泌尿外科
3061,風濕病科
3062,普通科門診
3063,臨床腫瘤科
3064,兒科
3066,眼科
3067,普通科
3068,內科
3069,婦產科
3070,普通科
3071,家庭醫學
3072,內科
3073,腸胃肝臟科
3074,普通科
3075,骨科
3076,腸胃肝臟科
3077,精神科
3078,普通科
3079,骨科
3080,骨科
3081,精神科
3083,兒科
3084,普通科
3085,心臟科
3086,普通科
3087,耳鼻喉科
3090,精神科
3091,骨科
3092,眼科
3093,眼科
3094,急症科
3095,眼科
3096,精神科
3097,普通科
3100,骨科
3101,內科
3102,家庭醫學
3103,家庭醫學
3104,婦產科
3105,脊骨神經科(脊醫)
3106,兒科
3107,兒科
3108,骨科
3109,眼科
3110,骨科
3111,眼科
3112,婦產科
3113,眼科
3114,腸胃肝臟科
3115,普通科
3116,普通科
3117,眼科
3119,急症科
3120,急症科
3121,普通科
3122,普通科
3123,普通科
3124,普通科
3125,普通科
3126,普通科
3127,普通科門診
3128,普通科
3129,普通科
3130,普通科
3131,婦產科
3132,普通科
3133,普通科
3134,普通科
3135,普通科
3136,風濕病科
3137,腸胃肝臟科
3138,普通科
3139,外科
3140,泌尿外科
3141,外科
3142,外科
3146,骨科
3147,普通科
3148,普通科
3149,普通科
3151,家庭醫學
3153,普通科
3154,家庭醫學
3155,普通科
3156,普通科
3157,普通科
3158,普通科
3159,普通科
3160,普通科
3161,普通科
3162,普通科
3163,普通科
3165,內科
3166,放射科
3167,麻醉科
3168,泌尿外科
3169,普通科
3170,眼科
3171,腸胃肝臟科
3172,兒科
3174,腦外科
3175,普通科
3176,放射科
3177,普通科
3179,腸胃肝臟科
3180,內科
3181,普通科
3182,普通科
3184,普通科
3185,普通科
3186,普通科
3187,普通科
3188,外科
3189,婦產科
3190,普通科
3191,普通科
3192,普通科
3193,普通科
3194,普通科
3195,普通科
3196,普通科
3198,普通科
3199,普通科
3200,普通科
3201,普通科
3202,普通科
3203,普通科
3204,眼科
3205,普通科
3206,兒科
3207,普通科
3208,婦產科
3209,婦產科
3210,放射科
3211,普通科
3212,普通科
3213,普通科
3214,普通科
3215,普通科
3217,普通科
3218,兒科
3219,腸胃肝臟科
3220,皮膚及性病科
3221,普通科
3222,普通科
3223,普通科
3224,脊骨神經科(脊醫)
3225,普通科
3226,普通科
3227,普通科
3228,外科
3229,家庭醫學
3230,皮膚及性病科
3231,普通科
3232,內科
3233,外科
3234,心臟科
3235,脊骨神經科(脊醫)
3236,普通科
3237,婦產科
3238,眼科
3239,泌尿外科
3240,外科
3241,外科
3242,兒科
3243,兒科
3244,眼科
3245,放射科
3246,眼科
3248,普通科
3249,普通科
3250,復康科
3251,耳鼻喉科
3252,兒科
3253,腎病科
3254,外科
3255,外科
3256,外科
3257,麻醉科
3258,急症科
3260,眼科
3261,眼科
3262,骨科
3264,婦產科
3265,普通科
3266,皮膚及性病科
3267,心臟科
3269,泌尿外科
3270,外科
3271,內科
3272,外科
3273,耳鼻喉科
3274,婦產科
3275,眼科
3277,普通科
3278,普通科
3279,普通科
3281,普通科
3284,脊骨神經科(脊醫)
3285,普通科
3287,兒科
3288,普通科
3289,普通科
3290,外科
3291,精神科
3292,兒科 / 內科
3293,普通科
3294,脊骨神經科(脊醫)
3295,普通科
3296,普通科
3297,家庭醫學
3299,外科
3300,腦神經科
3301,心臟科
3302,骨科
3303,家庭醫學
3304,腎病科
3305,血液及血液腫瘤科
3306,呼吸系統科
3307,普通科
3308,普通科
3309,普通科
3310,普通科
3311,普通科
3312,普通科
3313,腸胃肝臟科
3314,腸胃肝臟科
3315,耳鼻喉科
3316,兒科
3317,普通科
3318,普通科
3319,皮膚及性病科
3320,兒科
3321,骨科
3322,普通科
3323,普通科
3324,普通科
3325,婦產科
3326,骨科
3327,外科
3328,腸胃肝臟科
3329,普通科
3332,普通科
3333,內科
3335,脊骨神經科(脊醫)
3336,兒科 / 內科
3338,放射科
3339,兒科 / 內科
3340,骨科
3341,普通科
3342,麻醉科
3343,內科
3344,麻醉科
3345,普通科
3346,麻醉科
3347,內科
3348,普通科
3349,麻醉科
3350,麻醉科
3351,麻醉科
3352,麻醉科
3353,麻醉科
3354,普通科
3355,婦產科
3356,麻醉科
3357,麻醉科
3358,麻醉科
3359,普通科
3360,外科
3361,外科
3362,普通科
3363,普通科
3364,普通科
3365,普通科
3366,心臟科
3367,腸胃肝臟科
3368,婦產科
3369,婦產科
3370,急症科
3371,兒科
3372,骨科
3373,普通科
3374,外科 / 急症科
3375,家庭醫學
3376,兒科 / 家庭醫學
3377,精神科
3378,婦產科
3379,內科腫廇科
3380,普通科
3381,普通科
3386,普通科
3387,普通科
3388,普通科
3389,普通科
3390,普通科
3391,普通科
3392,兒科
3393,普通科
3394,婦產科
3395,眼科
3396,血液及血液腫瘤科
3397,骨科
3398,耳鼻喉科
3399,心臟科
3400,普通科
3402,普通科
3403,普通科
3404,外科
3405,婦產科
3406,急症科/外科
3407,泌尿外科
3408,家庭醫學
3409,普通科
3410,普通科
3411,普通科
3412,婦產科
3413,普通科
3414,普通科
3415,普通科
3416,普通科
3417,普通科
3418,普通科
3419,外科
3421,骨科
3422,耳鼻喉科
3423,普通科
3424,普通科
3425,骨科
3426,脊骨神經科(脊醫)
3428,心胸肺外科
3429,普通科
3430,眼科
3431,普通科
3433,內科
3434,普通科
3435,普通科
3436,普通科
3437,普通科
3438,普通科
3439,普通科
3440,普通科
3441,普通科
3442,普通科
3444,普通科
3445,普通科
3446,普通科
3447,普通科
3448,普通科
3449,普通科
3450,內科
3452,兒科 / 內科
3453,普通科
3454,普通科
3455,兒科
3456,放射科
3457,普通科
3458,普通科
3459,外科
3460,家庭醫學
3461,放射科
3462,普通科
3463,普通科
3464,普通科
3465,普通科
3466,普通科
3467,血液及血液腫瘤科
3468,普通科
3469,普通科
3470,外科
3471,普通科
3472,放射科
3473,普通科
3474,外科
3475,呼吸系統科
3476,骨科
3477,普通科
3478,普通科
3479,普通科
3480,普通科
3481,普通科
3482,普通科
3483,普通科
3484,普通科
3485,普通科
3486,普通科
3487,普通科
3488,普通科
3489,普通科
3490,家庭醫學
3491,普通科
3492,普通科
3493,外科
3494,外科
3495,普通科
3496,普通科
3499,普通科
3500,普通科
3501,普通科
3502,普通科
3503,家庭醫學
3504,婦產科
3505,普通科
3506,普通科
3507,普通科
3508,普通科
3509,普通科
3510,普通科
3511,普通科
3512,普通科
3513,普通科
3514,普通科
3515,普通科
3516,普通科
3517,普通科
3518,普通科
3519,普通科
3520,內科腫瘤科
3522,普通科
3523,普通科
3524,普通科
3525,普通科
3526,普通科
3527,普通科
3528,內科
3529,普通科
3530,普通科
3531,普通科
3532,普通科
3533,普通科
3534,普通科
3535,放射科
3539,普通科
3540,骨科
3542,外科
3543,普通科
3544,普通科
3546,普通科
3547,普通科
3548,普通科
3549,普通科
3550,普通科
3553,普通科
3554,普通科
3555,普通科
3556,普通科
3557,普通科
3558,血液及血液腫瘤科
3559,普通科
3560,普通科
3561,普通科
3562,普通科
3563,家庭醫學
3564,家庭醫學
3565,普通科
3566,普通科
3567,兒科
3568,普通科
3570,普通科
3571,普通科
3572,普通科
3573,普通科
3574,普通科
3575,普通科
3576,普通科
3577,普通科
3578,婦產科
3580,普通科
3581,家庭醫學
3582,普通科
3583,普通科
3584,普通科
3585,家庭醫學
3586,外科
3587,普通科
3588,急症科
3590,普通科
3591,普通科
3592,普通科
3593,普通科
3594,普通科
3595,家庭醫學
3596,普通科
3597,家庭醫學
3598,普通科
3599,普通科
3600,家庭醫學
3602,普通科
3605,普通科
3606,普通科
3607,普通科
3608,放射科
3609,普通科
3610,普通科
3611,普通科
3612,兒科
3613,普通科
3614,普通科
3615,普通科
3616,普通科
3619,普通科
3620,普通科
3621,普通科
3622,普通科
3623,普通科
3624,普通科
3625,普通科
3626,普通科
3627,普通科
3628,普通科
3629,普通科
3630,普通科
3631,普通科
3632,兒科
3633,普通科
3634,普通科
3635,普通科
3636,普通科
3637,普通科
3638,內科
3639,普通科
3640,普通科
3641,普通科
3642,骨科
3643,普通科
3644,外科
3645,普通科
3646,普通科
3647,普通科
3648,普通科
3649,普通科
3650,普通科
3651,普通科
3652,普通科
3653,普通科
3654,內科
3655,兒科
3656,家庭醫學
3657,外科
3658,兒科
3660,普通科
3661,普通科
3662,普通科
3663,普通科
3664,普通科
3665,普通科
3666,普通科
3667,普通科
3668,普通科
3669,普通科
3670,普通科
3671,普通科
3672,普通科
3673,普通科
3674,普通科
3675,普通科
3676,普通科
3677,外科
3678,普通科
3679,兒科 / 內科
3680,普通科
3681,家庭醫學
3682,普通科
3683,普通科
3684,普通科
3685,普通科
3686,普通科
3687,脊骨神經科(脊醫)
3688,脊骨神經科(脊醫)
3689,脊骨神經科(脊醫)
3691,外科
3692,急症科
3693,普通科
3694,心臟科
3695,耳鼻喉科
3696,普通科
3697,普通科
3698,普通科
3699,普通科
3700,內科
3702,普通科
3703,普通科
3704,家庭醫學
3705,普通科
3706,普通科
3707,普通科
3708,普通科
3709,普通科
3710,普通科
3711,普通科
3712,普通科
3713,普通科
3714,內科
3715,普通科
3716,普通科
3717,普通科
3718,普通科
3719,普通科
3720,普通科
3721,普通科
3722,兒科
3723,普通科
3725,普通科
3727,腦神經科
3728,普通科
3729,普通科
3730,家庭醫學
3731,普通科
3733,內科
3734,急症科
3735,普通科
3736,普通科
3737,普通科
3738,普通科
3739,普通科
3740,家庭醫學
3741,普通科
3742,普通科
3743,普通科
3744,普通科
3745,骨科
3746,普通科
3747,普通科
3748,普通科
3749,普通科
3750,普通科
3751,普通科
3752,普通科
3754,普通科
3755,普通科
3756,內科
3757,普通科
3758,普通科
3759,普通科
3762,外科
3763,骨科
3764,兒科
3765,兒科
3766,眼科
3767,普通科
3768,普通科
3769,普通科
3770,普通科
3771,內科
3772,婦產科
3773,眼科
3774,急症科
3775,急症科
3776,急症科
3777,血液及血液腫瘤科
3778,復康科
3779,骨科
3780,兒科 / 內科
3781,婦產科
3783,兒科
3784,外科
3785,外科
3786,眼科
3787,內分泌及糖尿科
3789,內分泌及糖尿科
3790,急症科
3791,急症科
3792,急症科
3793,外科
3794,普通科
3795,婦產科
3796,腦神經科
3797,普通科
3798,普通科
3799,耳鼻喉科
3800,外科
3801,普通科
3802,外科
3804,普通科
3805,普通科
3806,普通科
3807,普通科
3808,普通科
3809,泌尿外科
3810,外科 / 骨科
3811,婦產科
3812,眼科
3813,眼科
3814,眼科
3815,眼科
3816,精神科
3817,內外
3818,外科
3819,麻醉科
3820,普通科
3821,脊骨神經科(脊醫)
3822,婦產科
3823,腸胃肝臟科
3824,兒科
3825,外科
3826,腸胃肝臟科
3827,普通科
3829,精神科
3830,婦產科
3831,骨科
3832,骨科
3833,婦產科
3834,骨科
3835,普通科
3836,普通科
3837,心臟科
3838,腸胃肝臟內科
3840,外科
3841,急症科
3842,急症科
3843,耳鼻喉科
3844,婦產科
3845,脊骨神經科(脊醫)
3847,脊骨神經科(脊醫)
3848,精神科
3849,骨科
3850,普通科
3852,兒科
3855,外科
3856,家庭醫學
3858,小兒外科
3860,脊骨神經科(脊醫)
3861,皮膚及性病科
3863,耳鼻喉科
3865,普通科
3869,整形外科
3873,外科
3874,外科
3875,家庭醫學
3877,骨科
3880,眼科
3882,兒科
3883,婦產科
3885,精神科
3887,骨科
3888,外科
3889,骨科
3890,皮膚及性病科
3891,臨床腫瘤科
3893,心臟科
3894,骨科
3895,骨科
3898,眼科
3900,外科
3902,眼科
3905,脊骨神經科(脊醫)
3906,腸胃肝臟科
3913,脊骨神經科(脊醫)
3917,骨科
3918,外科
3919,心胸肺外科
3920,普通科
3922,精神科
3923,心臟科
3924,外科
3925,內分泌及糖尿科
3926,腦神經科
3930,精神科
3932,外科
3934,腦神經科
3935,婦產科
3936,義肢及矯形師
3942,心胸肺外科
3944,腸胃肝臟科
3945,兒科
3947,婦產科
3951,精神科
3952,普通科
3953,家庭醫學
3954,普通科
3957,腸胃肝臟科
3958,眼科
3959,內科
3963,血液及血液腫瘤科
3965,婦產科
3966,外科
3967,骨科
3970,脊骨神經科(脊醫)
3980,腸胃肝臟科
3981,脊骨神經科(脊醫)
3982,皮膚及性病科
3984,腦外科
3993,兒科
3997,外科
3998,骨科
3999,外科
4000,普通科
4001,兒科
4002,眼科
4004,兒科
4005,兒科
4006,普通科
4007,麻醉科
4008,普通科
4010,兒科
4012,普通科
4014,普通科
4019,腸胃肝臟科
4022,普通科
4026,精神科
4042,臨床腫瘤 / 放射科
4047,腸胃肝臟科
4049,骨科
4051,兒科
4052,脊骨神經科(脊醫)
4053,脊骨神經科(脊醫)
4060,牙科
4061,牙科
4062,牙科
4063,牙科
4064,牙科
4065,牙科
4066,牙科 - 兒童齒科
4067,牙科
4068,牙科 - 牙周治療科
4069,牙科 - 牙周治療科
4070,牙科
4071,牙科
4072,牙科
4073,牙科 牙齒矯正科
4074,牙科 牙齒矯正科
4075,牙科
4076,牙科 - 牙髓治療科
4077,牙科
4078,牙科
4079,牙科
4080,牙科
4081,牙科
4082,牙科
4083,牙科
4084,牙科
4085,牙科
4086,牙科
4087,牙科
4088,牙科 - 牙周治療科
4089,牙科
4090,牙科 牙齒矯正科
4091,牙科 口腔頜面外科
4092,牙科
4093,牙科
4094,牙科
4095,牙科
4096,牙科 牙齒矯正科
4097,牙科
4098,牙科
4099,牙科 口腔頜面外科
4100,牙科 口腔頜面外科
4101,牙科
4102,牙科 牙齒矯正科
4103,牙科
4104,牙科 口腔頜面外科
4105,牙科
4106,牙科
4107,牙科
4108,牙科
4109,牙科
4110,牙科
4111,牙科
4112,牙科
4113,牙科
4114,牙科
4115,牙科
4116,兒童齒科
4117,牙科 口腔頜面外科
4118,牙科
4119,牙科
4120,牙科
4121,牙科
4122,牙科
4123,牙科 - 兒童齒科
4124,牙科
4125,牙科
4126,牙科
4127,牙科
4128,牙科 - 牙周治療科
4129,牙科 - 牙周治療科
4130,牙科 - 修復齒科
4131,牙科
4132,牙科
4133,牙科
4134,牙科 口腔頜面外科
4135,牙科
4136,牙科 牙齒矯正科
4137,牙科 - 兒童齒科
4138,牙科
4139,牙科
4140,牙科
4141,牙科
4142,牙科
4143,牙科
4144,牙科
4145,牙科
4146,牙科
4147,牙科
4148,牙科
4149,牙科
4150,牙科
4152,牙科
4153,牙科
4154,牙科
4155,牙科 - 兒童齒科
4156,牙科
4157,牙科
4158,牙科
4159,牙科 牙齒矯正科
4160,牙髓治療科
4161,牙科
4162,牙科
4163,牙科
4164,牙科
4165,牙科
4166,牙科
4167,牙科
4168,牙科
4169,牙科
4170,牙科
4171,牙科
4172,牙科
4173,牙科
4174,牙科
4175,牙科
4176,牙科
4177,牙科
4179,牙科
4180,牙科 - 牙周治療科
4181,牙科
4182,牙科
4183,牙科
4184,牙科
4185,牙科 牙齒矯正科
4186,牙科
4187,牙科
4188,牙科
4189,牙科-修復齒科
4191,牙科
4192,牙科
4193,牙科
4194,牙科
4195,牙科
4196,牙科
4197,牙科
4198,牙科
4199,牙科
4201,牙科
4202,外科
4203,牙科
4204,牙科
4205,牙科 - 家庭牙醫科
4206,牙科
4207,牙科
4208,牙科
4209,牙科
4210,牙科
4211,牙科
4212,牙科
4214,牙科 - 修復齒科
4215,牙科
4216,牙科
4217,牙科
4218,牙科
4219,牙科
4220,牙科
4221,牙科
4223,牙科
4224,牙科
4225,牙科
4226,牙科
4227,牙科
4228,牙科
4229,牙科 牙齒矯正科
4230,牙科
4231,牙科
4232,牙科
4233,牙科
4234,牙科
4235,牙科
4236,牙科
4237,牙科
4239,牙科
4240,牙科
4241,牙科
4242,牙科
4243,牙科
4244,牙科
4245,牙科
4246,牙科
4247,牙科
4248,牙科
4249,牙科
4250,牙科
4251,牙科
4252,牙科
4253,牙科
4254,牙科
4255,牙科
4256,牙科
4257,牙科
4258,牙科
4259,牙科
4260,牙科
4261,牙科
4262,牙科
4263,牙科
4264,牙科
4265,牙科
4266,牙科
4267,牙科
4268,牙科
4269,牙科
4270,牙科
4280,牙科
4290,耳鼻喉科
4292,牙科
4293,牙科
4294,牙科
4295,牙科
4296,牙科
4297,牙科
4298,牙科
4299,牙科 牙齒矯正科
4300,牙科
4301,牙科
4302,牙科 - 牙周治療科
4303,牙科
4304,牙科
4305,牙科
4306,牙科
4307,牙科
4308,牙科
4309,牙科
4310,牙科
4311,牙科
4312,牙科
4313,牙科
4314,牙科
4315,牙科
4316,牙科
4317,牙科 牙齒矯正科
4318,牙科 - 家庭牙醫科
4319,牙科
4320,牙科 - 家庭牙醫科
4321,牙科 修復齒科
4322,牙科
4323,牙科
4324,牙科
4325,牙科
4326,牙科
4327,牙科
4328,牙科 口腔及頜面放射科
4329,牙科
4330,牙科
4331,牙科
4332,牙科
4333,牙科
4334,牙科
4335,牙科
4336,牙科
4337,牙科
4338,牙科 牙齒矯正科
4339,牙科
4340,牙科
4341,牙科 牙齒矯正科
4342,牙科 - 牙髓治療科
4343,牙科
4344,牙科
4345,牙科 - 牙髓治療科
4346,牙科
4347,牙科
4348,牙科
4349,牙科
4350,牙科 牙齒矯正科
4351,牙科 - 兒童齒科
4352,牙科
4353,牙科
4354,牙科
4355,牙科
4356,牙科
4357,牙科
4358,牙科
4359,牙科
4361,牙科
4362,牙科
4363,牙科
4364,牙科
4365,牙科
4366,牙科
4367,牙科
4368,牙科
4369,牙科
4370,牙科
4371,牙科 - 家庭牙醫科
4372,牙科
4373,牙科
4374,牙科
4375,牙科
4376,牙科
4377,牙科
4378,牙科
4379,牙科
4380,牙科
4381,牙科
4382,牙科 牙齒矯正科
4383,牙科 牙齒矯正科
4384,牙科
4385,牙科
4386,牙科 口腔頜面外科
4387,牙科
4388,牙科
4389,牙科 - 牙周治療科
4390,牙科
4391,牙科 口腔頜面外科
4392,牙科
4393,牙科
4394,牙科 牙齒矯正科
4395,牙科
4396,牙科 牙齒矯正科
4397,牙科
4398,牙科 - 兒童齒科
4399,牙科
4400,牙科
4401,牙科
4402,牙科
4403,牙科 - 家庭牙醫科
4404,牙科 牙齒矯正科
4405,牙科
4406,牙科 牙齒矯正科
4407,牙科
4408,牙科
4409,牙科
4410,牙科
4411,牙科
4412,牙科
4413,牙科
4414,牙科 口腔頜面外科
4415,牙科 牙齒矯正科
4416,牙科
4417,牙科 - 牙周治療科
4418,牙科
4419,牙科
4420,牙科 牙齒矯正科
4421,牙科 - 牙周治療科
4422,牙科
4423,牙科
4424,牙科
4425,牙科
4426,牙科
4427,牙科
4428,牙科
4429,牙科 - 牙周治療科
4430,牙科
4431,牙科
4432,牙科
4433,牙科
4434,牙科
4435,牙科
4436,牙科
4437,牙科
4438,牙科
4439,牙科
4440,牙科
4441,牙科
4442,牙科
4443,牙科
4444,牙科
4445,牙科
4446,牙科
4447,牙科
4448,牙科
4449,牙科
4450,牙科
4451,牙科
4452,牙科
4453,牙科
4454,牙科
4455,牙科
4456,牙科
4457,牙科
4458,牙科
4459,牙科
4460,牙科
4461,牙科 口腔頜面外科
4462,牙科
4463,牙科
4464,牙科
4465,牙科 牙齒矯正科
4466,牙科
4467,牙科 牙齒矯正科
4468,牙科 牙齒矯正科
4469,牙科
4470,牙科
4471,牙科
4472,牙科 - 兒童齒科
4473,牙科
4474,牙科
4475,牙科 牙齒矯正科
4476,牙科
4477,牙科
4478,牙科
4479,牙科
4480,牙科
4481,牙科
4482,牙科
4483,牙科
4484,牙科
4485,牙科
4486,牙科
4487,牙科
4488,牙科
4489,牙科
4490,牙科
4491,牙科
4492,牙科
4493,牙科 口腔頜面外科
4494,牙科
4495,牙科
4496,牙科
4497,牙科 修復齒科
4498,牙科 - 家庭牙醫科
4499,牙科
4500,牙科
4501,牙科
4502,牙科
4503,牙科
4504,牙科
4505,牙科
4506,牙科 牙齒矯正科
4507,牙科
4508,牙科
4509,牙科
4510,牙科
4511,牙科 家庭牙醫學
4512,牙科 - 兒童齒科
4513,牙科 牙齒矯正科
4514,牙科
4515,牙科 牙齒矯正科
4516,牙科
4517,牙科
4518,牙科
4519,牙科
4520,牙科
4521,兒科
4522,牙科
4523,牙科
4524,牙科
4525,牙科
4526,牙科
4527,牙科/口腔頜面外科
4531,精神科
4534,脊骨神經科(脊醫)
4535,腸胃肝臟科
4538,牙科
4539,牙科
4540,牙科
4541,兒科
4542,牙科
4543,心臟科 / 內科
4545,牙科
4549,眼科
4550,普通科
4551,骨科
4553,外科
4554,麻醉科
4555,婦產科
4556,普通科
4557,呼吸系統科
4558,牙科
4559,牙科
4560,心臟科
4561,臨床腫瘤科
4567,精神科
4573,呼吸系統科
4574,精神科
4580,腸胃肝臟科
4583,感染及傳染病科
4584,外科
4585,普通科
4587,心臟科
4594,深切治療科 / 內科
4595,脊骨神經科(脊醫)
4597,眼科
4598,脊骨神經科(脊醫)
4599,眼科
4600,精神科
4601,眼科
4602,腸胃肝臟科
4603,心臟科
4604,麻醉科
4606,外科
4685,兒科
4686,骨科
4689,兒科
4690,外科
4691,牙科
4692,牙科
4693,婦產科
4694,外科
4696,外科
4699,普通科
4703,耳鼻喉科
4706,心臟科
4708,心臟科
4710,普通科
4711,普通科
4713,眼科
4714,耳鼻喉科
4716,眼科
4720,呼吸系統科
4791,牙科
4792,牙科
4793,眼科
4797,牙科 - 牙髓治療科
4798,牙科
4799,牙科
4800,普通科
4803,外科
4805,脊骨神經科(脊醫)
4807,眼科
4808,兒科
4809,牙科
4810,外科
4811,家庭醫學
4814,風濕病科
4815,腸胃肝臟科
4821,普通科
4826,外科
4830,牙科
4831,牙科
4832,兒科
4833,外科
4834,泌尿外科
4835,外科
4836,腸胃肝臟科
4838,普通科
4839,腦外科
4840,牙科
4841,骨科
4842,外科
4843,骨科
4844,牙科
4845,牙科
4846,普通科
4847,精神科
4848,臨床腫瘤科
4849,骨科
4850,骨科
4852,整形外科
4854,腦外科
4855,外科
4856,普通科
4857,普通科
4860,牙科
4864,耳鼻喉科
4866,牙科
4867,泌尿外科
4868,精神科
4869,脊骨神經科(脊醫)
4870,脊骨神經科(脊醫)
4872,脊骨神經科(脊醫)
4873,脊骨神經科(脊醫)
4874,脊骨神經科(脊醫)
4875,脊骨神經科(脊醫)
4876,牙科
4880,呼吸系統科/內科
4881,牙科
4883,骨科
4884,兒科
4886,外科
4887,普通科
4888,普通科
4889,腎病科
4890,外科
4891,眼科
4892,內科
4893,腦外科
4894,外科
4895,內科
4896,精神科
4897,泌尿外科
4898,放射科
4899,家庭醫學
4900,內科
4901,內科 / 老人科
4902,普通科
4903,婦產科
4904,耳鼻喉科
4906,內科
4907,耳鼻喉科
4908,麻醉科
4909,腦外科
4910,危重病學
4911,老人科
4912,病理學
4913,兒科
4914,兒科
4915,小兒外科
4916,精神科
4917,牙科
4918,外科
4919,牙科
4920,腸胃肝臟科
4921,整形外科
4922,牙科
4923,泌尿外科
4924,內科
4925,牙科
4926,婦產科
4927,普通科
4928,普通科
4929,老人科
4930,普通科
4931,普通科
4932,骨科
4933,牙科
4934,骨科
4935,普通科
4936,風濕病科
4937,耳鼻喉科
4938,普通科
4939,普通科
4940,急症科
4941,普通科
4942,普通科
4943,急症科
4944,兒科
4945,精神科
4946,普通科
4947,兒科
4948,呼吸系統科
4949,普通科
4950,普通科
4951,普通科
4952,外科
4953,骨科
4954,普通科
4955,腸胃肝臟科
4956,普通科
4957,普通科
4958,牙科
4960,內科
4961,免疫學
4962,腦神經科
4963,兒科
4964,外科
4965,急症科
4966,普通科
4967,心胸肺外科
4969,普通科
4970,內科
4971,眼科
4972,精神科
4973,普通科
4974,兒科
4975,內科
4976,婦產科
4977,普通科
4978,脊骨神經科(脊醫)
4979,脊骨神經科(脊醫)
4980,脊骨神經科(脊醫)
4981,牙科
4982,呼吸系統科
4987,外科
4989,精神科
4991,外科
4992,兒科
4993,普通科
4994,精神科
4995,外科
4997,血液及血液腫瘤科
4998,兒科
4999,兒科
5000,普通科
5001,骨科
5002,婦產科
5003,普通科
5004,婦產科
5005,精神科
5006,腸胃肝臟科
5007,普通科
5008,外科
5009,眼科
5010,心臟科
5012,普通科
5013,普通科
5048,牙科
5049,牙科
5050,腦外科
5053,眼科
5055,骨科
5056,外科
5058,血液及血液腫瘤科
5059,兒科
5060,普通科
5061,精神科
5062,麻醉科
5063,急症科
5064,兒科
5065,普通科
5066,普通科
5067,普通科
5068,內科
5069,普通科
5070,病理科
5071,放射科
5072,精神科
5073,心臟科
5074,耳鼻喉科
5075,腸胃肝臟科
5076,普通科
5077,放射科
5078,家庭醫學
5079,普通科
5081,普通科
5082,腦外科
5083,精神科
5084,普通科
5085,普通科
5086,精神科
5087,外科
5088,急症科
5089,急症科
5090,家庭醫學
5091,急症科
5092,腎病科
5093,泌尿外科
5094,內科
5095,普通科
5096,普通科
5097,呼吸系統科
5098,兒科
5099,普通科
5100,泌尿外科
5101,普通科
5102,麻醉科
5103,急症科
5104,放射科
5105,普通科
5106,放射科
5107,放射科
5108,兒科
5109,婦產科
5110,普通科
5111,普通科
5112,急症科
5113,耳鼻喉科
5114,外科
5115,兒科/急症科
5116,麻醉科
5117,兒科
5118,普通科
5119,外科
5120,病理學
5121,普通科
5122,外科
5123,普通科
5124,腸胃肝臟科
5125,腦外科
5126,外科
5127,兒科
5128,內分泌及糖尿科
5129,麻醉科
5130,內科
5131,普通科
5132,放射科
5133,內科
5134,麻醉科
5135,普通科
5136,兒科
5137,麻醉科
5138,精神科
5139,急症科
5140,放射科
5141,內科
5142,精神科
5143,骨科
5144,內科腫瘤科
5145,婦產科
5146,急症科
5147,放射科
5148,兒科
5149,精神科
5150,普通科
5151,普通科
5152,老人科
5153,兒科
5154,骨科
5155,普通科
5156,兒科
5157,內分泌及糖尿科
5158,普通科
5159,呼吸系統科
5160,家庭醫學
5161,老人科
5162,麻醉科
5163,普通科
5164,普通科
5165,家庭醫學
5166,普通科
5167,腎病科
5168,放射科
5169,普通科
5170,骨科
5171,風濕病科/內科
5172,心臟科 / 內科
5173,精神科
5174,麻醉科
5175,外科
5176,普通科
5178,骨科
5179,外科
5180,耳鼻喉科
5181,腸胃肝臟科
5182,外科
5183,核子醫學科
5184,兒科
5185,兒科
5186,臨床腫瘤科
5187,外科
5188,泌尿外科